{"cameraMode":{"drawMode":0,"name":"Shaded","section":"Shading Mode"},"sceneLighting":true,"audioPlay":false,"sceneViewState":{"m_AlwaysRefresh":false,"showFog":true,"showSkybox":true,"showFlares":true,"showImageEffects":true,"showParticleSystems":true,"showVisualEffectGraphs":true,"m_FxEnabled":true},"in2DMode":false,"pivot":{"x":0.7428423166275024,"y":0.6816236972808838,"z":-0.20921015739440919},"rotation":{"x":-0.07440031319856644,"y":0.9195306897163391,"z":-0.2122095227241516,"w":-0.3223751485347748},"size":1.199482798576355,"orthographic":false}